feed_name,topic_name
Science,Science
Reuters: World News,World News
Stories from NPR,News
Stories from NPR,World News
Stories from NPR,US News
NYT > World,World News
NYT > World,News
we_blog: jw design,Photography
CSS-Tricks,Web Development
TMZ Celebrity News for Hot Mamas,Celebrity News
TMZ Celebrity News for Hot Mamas,Taylor Swift
TMZ Celebrity News for Hot Mamas,Kardashians
TMZ.com,Celebrity News
TMZ Celebrity News for Party All The Time,Celebrity News
NYT > Europe,Europe
Smashing Magazine,Web Development
At War,Afghanistan
At War,Guns
NPR News,News
NPR News,World News
CNN,News
Washington Post Politics,Politics
